"","state","stateNames","year","GDP_percapita","pop","national_region","crime_percapita","crime_type"
"1","AZ","Arizona",2010,84636.5034081067,2922297,"West",7.56823155794542,"Homicides"
"2","AZ","Arizona",2010,84636.5034081067,2922297,"West",33.4332866625721,"Rapes"
"3","AZ","Arizona",2010,84636.5034081067,2922297,"West",303.020348146968,"Assaults"
"4","AZ","Arizona",2010,84636.5034081067,2922297,"West",201.639312222403,"Robberies"
"5","AZ","Arizona",2011,86992.2033194597,2938430,"West",7.54459511766288,"Homicides"
"6","AZ","Arizona",2011,86992.2033194597,2938430,"West",36.6568914956012,"Rapes"
"7","AZ","Arizona",2011,86992.2033194597,2938430,"West",299.487623583748,"Assaults"
"8","AZ","Arizona",2011,86992.2033194597,2938430,"West",204.36011992626,"Robberies"
"9","AZ","Arizona",2012,90235.2253077001,2949300,"West",7.25155817349859,"Homicides"
"10","AZ","Arizona",2012,90235.2253077001,2949300,"West",38.9720612452829,"Rapes"
"11","AZ","Arizona",2012,90235.2253077001,2949300,"West",353.503333083512,"Assaults"
"12","AZ","Arizona",2012,90235.2253077001,2949300,"West",212.482807932962,"Robberies"
"13","AZ","Arizona",2013,91616.7725385423,2958765,"West",7.52884716037652,"Homicides"
"14","AZ","Arizona",2013,91616.7725385423,2958765,"West",42.4353203584859,"Rapes"
"15","AZ","Arizona",2013,91616.7725385423,2958765,"West",350.795964215832,"Assaults"
"16","AZ","Arizona",2013,91616.7725385423,2958765,"West",189.751105170345,"Robberies"
"17","AZ","Arizona",2014,94916.9675114593,2966369,"West",6.43042910809154,"Homicides"
"18","AZ","Arizona",2014,94916.9675114593,2966369,"West",65.7729693339981,"Rapes"
"19","AZ","Arizona",2014,94916.9675114593,2966369,"West",320.846657288296,"Assaults"
"20","AZ","Arizona",2014,94916.9675114593,2966369,"West",175.010876157874,"Robberies"
"21","CA","California",2010,52521.2776480058,37336011,"West",6.95275827028539,"Homicides"
"22","CA","California",2010,52521.2776480058,37336011,"West",25.7540040070926,"Rapes"
"23","CA","California",2010,52521.2776480058,37336011,"West",312.616993528587,"Assaults"
"24","CA","California",2010,52521.2776480058,37336011,"West",258.331996264435,"Robberies"
"25","CA","California",2011,53879.1863572078,37701901,"West",7.24224695594222,"Homicides"
"26","CA","California",2011,53879.1863572078,37701901,"West",21.7877710388037,"Rapes"
"27","CA","California",2011,53879.1863572078,37701901,"West",286.587511213022,"Assaults"
"28","CA","California",2011,53879.1863572078,37701901,"West",244.863217655052,"Robberies"
"29","CA","California",2012,55739.55055306,38062780,"West",7.85501359098854,"Homicides"
"30","CA","California",2012,55739.55055306,38062780,"West",23.7364595547972,"Rapes"
"31","CA","California",2012,55739.55055306,38062780,"West",284.111505699221,"Assaults"
"32","CA","California",2012,55739.55055306,38062780,"West",246.893463126257,"Robberies"
"33","CA","California",2013,57641.1971327711,38431393,"West",6.47370029192781,"Homicides"
"34","CA","California",2013,57641.1971327711,38431393,"West",21.1748122551756,"Rapes"
"35","CA","California",2013,57641.1971327711,38431393,"West",266.49398121244,"Assaults"
"36","CA","California",2013,57641.1971327711,38431393,"West",241.471025130484,"Robberies"
"37","CA","California",2014,59918.7036917724,38802500,"West",6.10403829543249,"Homicides"
"38","CA","California",2014,59918.7036917724,38802500,"West",27.7447306988186,"Rapes"
"39","CA","California",2014,59918.7036917724,38802500,"West",292.579000626701,"Assaults"
"40","CA","California",2014,59918.7036917724,38802500,"West",207.359514521537,"Robberies"
"41","CO","Colorado",2010,51132.8939354174,5048575,"West",5.62018771426966,"Homicides"
"42","CO","Colorado",2010,51132.8939354174,5048575,"West",59.6604541976317,"Rapes"
"43","CO","Colorado",2010,51132.8939354174,5048575,"West",300.680042713427,"Assaults"
"44","CO","Colorado",2010,51132.8939354174,5048575,"West",156.71677280175,"Robberies"
"45","CO","Colorado",2011,52112.0929686555,5119661,"West",5.20527921542632,"Homicides"
"46","CO","Colorado",2011,52112.0929686555,5119661,"West",61.9321996447662,"Rapes"
"47","CO","Colorado",2011,52112.0929686555,5119661,"West",307.642624650503,"Assaults"
"48","CO","Colorado",2011,52112.0929686555,5119661,"West",175.279810315376,"Robberies"
"49","CO","Colorado",2012,53478.8737196172,5191709,"West",5.8001215954063,"Homicides"
"50","CO","Colorado",2012,53478.8737196172,5191709,"West",57.4833479544732,"Rapes"
"51","CO","Colorado",2012,53478.8737196172,5191709,"West",313.20656615194,"Assaults"
"52","CO","Colorado",2012,53478.8737196172,5191709,"West",170.89643986465,"Robberies"
"53","CO","Colorado",2013,54780.7831662837,5272086,"West",6.1463124644194,"Homicides"
"54","CO","Colorado",2013,54780.7831662837,5272086,"West",74.8641010010429,"Rapes"
"55","CO","Colorado",2013,54780.7831662837,5272086,"West",313.96573178903,"Assaults"
"56","CO","Colorado",2013,54780.7831662837,5272086,"West",161.416271606555,"Robberies"
"57","CO","Colorado",2014,57015.3827597628,5355866,"West",3.93584184213142,"Homicides"
"58","CO","Colorado",2014,57015.3827597628,5355866,"West",73.2066582636443,"Rapes"
"59","CO","Colorado",2014,57015.3827597628,5355866,"West",309.553960883636,"Assaults"
"60","CO","Colorado",2014,57015.3827597628,5355866,"West",147.790861172035,"Robberies"
"61","FL","Florida",2010,38709.5790310107,18852220,"South",9.63436219145955,"Homicides"
"62","FL","Florida",2010,38709.5790310107,18852220,"South",26.632129772106,"Rapes"
"63","FL","Florida",2010,38709.5790310107,18852220,"South",491.283654891641,"Assaults"
"64","FL","Florida",2010,38709.5790310107,18852220,"South",230.089214193893,"Robberies"
"65","FL","Florida",2011,38478.5481397746,19107900,"South",9.70848739050795,"Homicides"
"66","FL","Florida",2011,38478.5481397746,19107900,"South",31.7053399396309,"Rapes"
"67","FL","Florida",2011,38478.5481397746,19107900,"South",469.503808035369,"Assaults"
"68","FL","Florida",2011,38478.5481397746,19107900,"South",227.843941835977,"Robberies"
"69","FL","Florida",2012,39505.8303798291,19355257,"South",9.67783488812757,"Homicides"
"70","FL","Florida",2012,39505.8303798291,19355257,"South",27.3315405978499,"Rapes"
"71","FL","Florida",2012,39505.8303798291,19355257,"South",444.613083498357,"Assaults"
"72","FL","Florida",2012,39505.8303798291,19355257,"South",211.210403472274,"Robberies"
"73","FL","Florida",2013,40680.1453303471,19600311,"South",9.73744749262372,"Homicides"
"74","FL","Florida",2013,40680.1453303471,19600311,"South",39.4761384836097,"Rapes"
"75","FL","Florida",2013,40680.1453303471,19600311,"South",411.5716404737,"Assaults"
"76","FL","Florida",2013,40680.1453303471,19600311,"South",218.895187891616,"Robberies"
"77","FL","Florida",2014,42003.0173982724,19893297,"South",9.8380348784226,"Homicides"
"78","FL","Florida",2014,42003.0173982724,19893297,"South",40.0964645209395,"Rapes"
"79","FL","Florida",2014,42003.0173982724,19893297,"South",439.993165154716,"Assaults"
"80","FL","Florida",2014,42003.0173982724,19893297,"South",199.93216933847,"Robberies"
"81","GA","Georgia",2010,41999.12625133,9714464,"South",22.1426989807216,"Homicides"
"82","GA","Georgia",2010,41999.12625133,9714464,"South",21.1903248310131,"Rapes"
"83","GA","Georgia",2010,41999.12625133,9714464,"South",810.708494939322,"Assaults"
"84","GA","Georgia",2010,41999.12625133,9714464,"South",514.75822791742,"Robberies"
"85","GA","Georgia",2011,42689.0777025764,9813201,"South",20.6799472661345,"Homicides"
"86","GA","Georgia",2011,42689.0777025764,9813201,"South",34.7799113112262,"Rapes"
"87","GA","Georgia",2011,42689.0777025764,9813201,"South",826.727891843876,"Assaults"
"88","GA","Georgia",2011,42689.0777025764,9813201,"South",550.60359596083,"Robberies"
"89","GA","Georgia",2012,43852.9841717915,9919000,"South",18.9913532140005,"Homicides"
"90","GA","Georgia",2012,43852.9841717915,9919000,"South",25.8556977491814,"Rapes"
"91","GA","Georgia",2012,43852.9841717915,9919000,"South",813.424827418938,"Assaults"
"92","GA","Georgia",2012,43852.9841717915,9919000,"South",520.774938735725,"Robberies"
"93","GA","Georgia",2013,45116.995817508,9994759,"South",18.4027315861824,"Homicides"
"94","GA","Georgia",2013,45116.995817508,9994759,"South",23.2805640548091,"Rapes"
"95","GA","Georgia",2013,45116.995817508,9994759,"South",657.398784976276,"Assaults"
"96","GA","Georgia",2013,45116.995817508,9994759,"South",523.923551062037,"Robberies"
"97","GA","Georgia",2014,46733.036601807,10097343,"South",20.4682159418791,"Homicides"
"98","GA","Georgia",2014,46733.036601807,10097343,"South",33.2333398626209,"Rapes"
"99","GA","Georgia",2014,46733.036601807,10097343,"South",661.14538375704,"Assaults"
"100","GA","Georgia",2014,46733.036601807,10097343,"South",512.585751920821,"Robberies"
"101","HI","Hawaii",2010,49516.8444591077,1363950,"South",1.9930829531615,"Homicides"
"102","HI","Hawaii",2010,49516.8444591077,1363950,"South",22.8680044099583,"Rapes"
"103","HI","Hawaii",2010,49516.8444591077,1363950,"South",148.956725973123,"Assaults"
"104","HI","Hawaii",2010,49516.8444591077,1363950,"South",93.4651005929946,"Robberies"
"105","HI","Hawaii",2011,50563.5403130489,1378251,"South",1.45308859169767,"Homicides"
"106","HI","Hawaii",2011,50563.5403130489,1378251,"South",21.0697845796163,"Rapes"
"107","HI","Hawaii",2011,50563.5403130489,1378251,"South",138.251000295807,"Assaults"
"108","HI","Hawaii",2011,50563.5403130489,1378251,"South",85.2132666988422,"Robberies"
"109","HI","Hawaii",2012,51767.6695151949,1392766,"South",1.12719354425516,"Homicides"
"110","HI","Hawaii",2012,51767.6695151949,1392766,"South",16.9079031638273,"Rapes"
"111","HI","Hawaii",2012,51767.6695151949,1392766,"South",127.680286921993,"Assaults"
"112","HI","Hawaii",2012,51767.6695151949,1392766,"South",93.6595363135647,"Robberies"
"113","HI","Hawaii",2013,52528.3412834895,1408987,"South",1.82799946784904,"Homicides"
"114","HI","Hawaii",2013,52528.3412834895,1408987,"South",22.4437712441466,"Rapes"
"115","HI","Hawaii",2013,52528.3412834895,1408987,"South",131.412850633148,"Assaults"
"116","HI","Hawaii",2013,52528.3412834895,1408987,"South",75.4557558117689,"Robberies"
"117","HI","Hawaii",2014,53836.8904189394,1419561,"South",1.91140343288057,"Homicides"
"118","HI","Hawaii",2014,53836.8904189394,1419561,"South",32.1920578169358,"Rapes"
"119","HI","Hawaii",2014,53836.8904189394,1419561,"South",117.29981067046,"Assaults"
"120","HI","Hawaii",2014,53836.8904189394,1419561,"South",77.260938760646,"Robberies"
"121","IL","Illinois",2010,50869.0861136018,12840097,"Midwest",16.0261285250991,"Homicides"
"122","IL","Illinois",2010,50869.0861136018,12840097,"Midwest",50.8977970750832,"Rapes"
"123","IL","Illinois",2010,50869.0861136018,12840097,"Midwest",510.35057898099,"Assaults"
"124","IL","Illinois",2010,50869.0861136018,12840097,"Midwest",527.267047979706,"Robberies"
"125","IL","Illinois",2011,52825.53285804,12858725,"Midwest",15.9410410794341,"Homicides"
"126","IL","Illinois",2011,52825.53285804,12858725,"Midwest",53.9628281552073,"Rapes"
"127","IL","Illinois",2011,52825.53285804,12858725,"Midwest",458.924449451551,"Assaults"
"128","IL","Illinois",2011,52825.53285804,12858725,"Midwest",516.881784420166,"Robberies"
"129","IL","Illinois",2012,55353.2211211283,12873763,"Midwest",18.4612067278545,"Homicides"
"130","IL","Illinois",2012,55353.2211211283,12873763,"Midwest",50.6575512612327,"Rapes"
"131","IL","Illinois",2012,55353.2211211283,12873763,"Midwest",453.111857928461,"Assaults"
"132","IL","Illinois",2012,55353.2211211283,12873763,"Midwest",497.566443729134,"Robberies"
"133","IL","Illinois",2013,55893.2231916833,12890552,"Midwest",15.2910032294893,"Homicides"
"134","IL","Illinois",2013,55893.2231916833,12890552,"Midwest",49.181159425617,"Rapes"
"135","IL","Illinois",2013,55893.2231916833,12890552,"Midwest",445.056411304462,"Assaults"
"136","IL","Illinois",2013,55893.2231916833,12890552,"Midwest",434.690875461395,"Robberies"
"137","IL","Illinois",2014,57608.2559946835,12880580,"Midwest",15.2342718990823,"Homicides"
"138","IL","Illinois",2014,57608.2559946835,12880580,"Midwest",50.9522154118705,"Rapes"
"139","IL","Illinois",2014,57608.2559946835,12880580,"Midwest",459.964884085545,"Assaults"
"140","IL","Illinois",2014,57608.2559946835,12880580,"Midwest",359.749071351823,"Robberies"
"141","IN","Indiana",2010,43620.6571398461,6490308,"Midwest",11.0658320784038,"Homicides"
"142","IN","Indiana",2010,43620.6571398461,6490308,"Midwest",55.44944117548,"Rapes"
"143","IN","Indiana",2010,43620.6571398461,6490308,"Midwest",688.727766097177,"Assaults"
"144","IN","Indiana",2010,43620.6571398461,6490308,"Midwest",404.985397912888,"Robberies"
"145","IN","Indiana",2011,44791.9991529273,6516560,"Midwest",11.5242778119238,"Homicides"
"146","IN","Indiana",2011,44791.9991529273,6516560,"Midwest",52.2193838352797,"Rapes"
"147","IN","Indiana",2011,44791.9991529273,6516560,"Midwest",632.274700368777,"Assaults"
"148","IN","Indiana",2011,44791.9991529273,6516560,"Midwest",404.790258143823,"Robberies"
"149","IN","Indiana",2012,45873.7965061356,6537632,"Midwest",11.5662075955405,"Homicides"
"150","IN","Indiana",2012,45873.7965061356,6537632,"Midwest",51.9883145531509,"Rapes"
"151","IN","Indiana",2012,45873.7965061356,6537632,"Midwest",711.500626006081,"Assaults"
"152","IN","Indiana",2012,45873.7965061356,6537632,"Midwest",410.421510761343,"Robberies"
"153","IN","Indiana",2013,47280.9039140806,6570713,"Midwest",15.1725435769566,"Homicides"
"154","IN","Indiana",2013,47280.9039140806,6570713,"Midwest",77.1565006704147,"Rapes"
"155","IN","Indiana",2013,47280.9039140806,6570713,"Midwest",693.232339864976,"Assaults"
"156","IN","Indiana",2013,47280.9039140806,6570713,"Midwest",446.943144127402,"Robberies"
"157","IN","Indiana",2014,49158.1215594401,6596855,"Midwest",15.8464202237608,"Homicides"
"158","IN","Indiana",2014,49158.1215594401,6596855,"Midwest",66.7646969721686,"Rapes"
"159","IN","Indiana",2014,49158.1215594401,6596855,"Midwest",728.352741314181,"Assaults"
"160","IN","Indiana",2014,49158.1215594401,6596855,"Midwest",443.699766265302,"Robberies"
"161","KS","Kansas",2010,44977.7173359861,2858949,"Midwest",4.18445058163863,"Homicides"
"162","KS","Kansas",2010,44977.7173359861,2858949,"Midwest",65.643568499456,"Rapes"
"163","KS","Kansas",2010,44977.7173359861,2858949,"Midwest",598.899489497029,"Assaults"
"164","KS","Kansas",2010,44977.7173359861,2858949,"Midwest",125.795045610511,"Robberies"
"165","KS","Kansas",2011,47963.7382337415,2869965,"Midwest",6.49694903273423,"Homicides"
"166","KS","Kansas",2011,47963.7382337415,2869965,"Midwest",63.6701005207954,"Rapes"
"167","KS","Kansas",2011,47963.7382337415,2869965,"Midwest",572.51114876454,"Assaults"
"168","KS","Kansas",2011,47963.7382337415,2869965,"Midwest",127.340201041591,"Robberies"
"169","KS","Kansas",2012,49065.1137262185,2885966,"Midwest",5.95224231319664,"Homicides"
"170","KS","Kansas",2012,49065.1137262185,2885966,"Midwest",62.6279408605907,"Rapes"
"171","KS","Kansas",2012,49065.1137262185,2885966,"Midwest",552.523362551079,"Assaults"
"172","KS","Kansas",2012,49065.1137262185,2885966,"Midwest",128.361399449806,"Robberies"
"173","KS","Kansas",2013,49303.6296347712,2895801,"Midwest",3.8811237664495,"Homicides"
"174","KS","Kansas",2013,49303.6296347712,2895801,"Midwest",64.6853961074916,"Rapes"
"175","KS","Kansas",2013,49303.6296347712,2895801,"Midwest",604.679082812832,"Assaults"
"176","KS","Kansas",2013,49303.6296347712,2895801,"Midwest",120.832319928794,"Robberies"
"177","KS","Kansas",2014,50468.6433052654,2904021,"Midwest",5.41945273850108,"Homicides"
"178","KS","Kansas",2014,50468.6433052654,2904021,"Midwest",62.7108102597982,"Rapes"
"179","KS","Kansas",2014,50468.6433052654,2904021,"Midwest",562.332738913993,"Assaults"
"180","KS","Kansas",2014,50468.6433052654,2904021,"Midwest",128.002312299835,"Robberies"
"181","KY","Kentucky",2010,38113.3734175847,4349838,"South",7.87184634155941,"Homicides"
"182","KY","Kentucky",2010,38113.3734175847,4349838,"South",34.6664002349443,"Rapes"
"183","KY","Kentucky",2010,38113.3734175847,4349838,"South",280.056071767018,"Assaults"
"184","KY","Kentucky",2010,38113.3734175847,4349838,"South",242.66480164461,"Robberies"
"185","KY","Kentucky",2011,39417.3345861066,4370038,"South",7.21639565091889,"Homicides"
"186","KY","Kentucky",2011,39417.3345861066,4370038,"South",34.1275377658039,"Rapes"
"187","KY","Kentucky",2011,39417.3345861066,4370038,"South",325.940536899836,"Assaults"
"188","KY","Kentucky",2011,39417.3345861066,4370038,"South",247.011209467911,"Robberies"
"189","KY","Kentucky",2012,40654.9955343547,4383465,"South",9.30651456019213,"Homicides"
"190","KY","Kentucky",2012,40654.9955343547,4383465,"South",27.4692284599219,"Rapes"
"191","KY","Kentucky",2012,40654.9955343547,4383465,"South",352.746922845992,"Assaults"
"192","KY","Kentucky",2012,40654.9955343547,4383465,"South",209.246472530772,"Robberies"
"193","KY","Kentucky",2013,41525.8105143147,4399583,"South",7.15222314936226,"Homicides"
"194","KY","Kentucky",2013,41525.8105143147,4399583,"South",23.8407438312075,"Rapes"
"195","KY","Kentucky",2013,41525.8105143147,4399583,"South",299.3503397306,"Assaults"
"196","KY","Kentucky",2013,41525.8105143147,4399583,"South",212.629634044582,"Robberies"
"197","KY","Kentucky",2014,42714.3620069256,4413457,"South",8.26312139410662,"Homicides"
"198","KY","Kentucky",2014,42714.3620069256,4413457,"South",28.6258134010122,"Rapes"
"199","KY","Kentucky",2014,42714.3620069256,4413457,"South",329.491965590002,"Assaults"
"200","KY","Kentucky",2014,42714.3620069256,4413457,"South",226.055392424488,"Robberies"
"201","LA","Louisiana",2010,50900.3139532658,4545581,"South",50.8973937625971,"Homicides"
"202","LA","Louisiana",2010,50900.3139532658,4545581,"South",41.8812840103656,"Rapes"
"203","LA","Louisiana",2010,50900.3139532658,4545581,"South",384.20261234509,"Assaults"
"204","LA","Louisiana",2010,50900.3139532658,4545581,"South",277.1726643186,"Robberies"
"205","LA","Louisiana",2011,51783.1512080931,4575972,"South",57.6412065457354,"Homicides"
"206","LA","Louisiana",2011,51783.1512080931,4575972,"South",46.9775833347744,"Rapes"
"207","LA","Louisiana",2011,51783.1512080931,4575972,"South",382.161199398226,"Assaults"
"208","LA","Louisiana",2011,51783.1512080931,4575972,"South",305.210188659669,"Robberies"
"209","LA","Louisiana",2012,52838.7137265394,4604744,"South",53.1865055087992,"Homicides"
"210","LA","Louisiana",2012,52838.7137265394,4604744,"South",37.4785738300347,"Rapes"
"211","LA","Louisiana",2012,52838.7137265394,4604744,"South",431.003599045399,"Assaults"
"212","LA","Louisiana",2012,52838.7137265394,4604744,"South",293.490302419021,"Robberies"
"213","LA","Louisiana",2013,51478.4251733097,4629284,"South",41.3768957779652,"Homicides"
"214","LA","Louisiana",2013,51478.4251733097,4629284,"South",46.6816260059095,"Rapes"
"215","LA","Louisiana",2013,51478.4251733097,4629284,"South",396.528584538833,"Assaults"
"216","LA","Louisiana",2013,51478.4251733097,4629284,"South",301.839149970028,"Robberies"
"217","LA","Louisiana",2014,52861.909087859,4649676,"South",38.7483757972478,"Homicides"
"218","LA","Louisiana",2014,52861.909087859,4649676,"South",63.0306912968565,"Rapes"
"219","LA","Louisiana",2014,52861.909087859,4649676,"South",492.362695130362,"Assaults"
"220","LA","Louisiana",2014,52861.909087859,4649676,"South",379.734082813029,"Robberies"
"221","MD","Maryland",2010,54330.5135829523,5788101,"South",11.1926823559543,"Homicides"
"222","MD","Maryland",2010,54330.5135829523,5788101,"South",22.3524450579205,"Rapes"
"223","MD","Maryland",2010,54330.5135829523,5788101,"South",368.305088818872,"Assaults"
"224","MD","Maryland",2010,54330.5135829523,5788101,"South",265.134893220164,"Robberies"
"225","MD","Maryland",2011,55433.2233655548,5843833,"South",10.5005741074757,"Homicides"
"226","MD","Maryland",2011,55433.2233655548,5843833,"South",24.3600275101997,"Rapes"
"227","MD","Maryland",2011,55433.2233655548,5843833,"South",324.930808717042,"Assaults"
"228","MD","Maryland",2011,55433.2233655548,5843833,"South",254.231291123852,"Robberies"
"229","MD","Maryland",2012,56251.5158731115,5891819,"South",9.79206881206693,"Homicides"
"230","MD","Maryland",2012,56251.5158731115,5891819,"South",22.9127946790609,"Rapes"
"231","MD","Maryland",2012,56251.5158731115,5891819,"South",319.130955508782,"Assaults"
"232","MD","Maryland",2012,56251.5158731115,5891819,"South",251.976107352099,"Robberies"
"233","MD","Maryland",2013,56817.1313193361,5938737,"South",9.99884628696689,"Homicides"
"234","MD","Maryland",2013,56817.1313193361,5938737,"South",22.4974041456755,"Rapes"
"235","MD","Maryland",2013,56817.1313193361,5938737,"South",304.420002820187,"Assaults"
"236","MD","Maryland",2013,56817.1313193361,5938737,"South",243.080926559756,"Robberies"
"237","MD","Maryland",2014,58607.5379404381,5976407,"South",9.27941232083505,"Homicides"
"238","MD","Maryland",2014,58607.5379404381,5976407,"South",20.0842074889306,"Rapes"
"239","MD","Maryland",2014,58607.5379404381,5976407,"South",285.532601721585,"Assaults"
"240","MD","Maryland",2014,58607.5379404381,5976407,"South",231.031943741338,"Robberies"
"241","MA","Massachusetts",2010,60826.6011057464,6564073,"Northeast",11.8200630187469,"Homicides"
"242","MA","Massachusetts",2010,60826.6011057464,6564073,"Northeast",41.4511799013591,"Rapes"
"243","MA","Massachusetts",2010,60826.6011057464,6564073,"Northeast",577.078145189234,"Assaults"
"244","MA","Massachusetts",2010,60826.6011057464,6564073,"Northeast",311.855361289132,"Robberies"
"245","MA","Massachusetts",2011,62561.3820972223,6612270,"Northeast",10.1390661437269,"Homicides"
"246","MA","Massachusetts",2011,62561.3820972223,6612270,"Northeast",43.6140781738093,"Rapes"
"247","MA","Massachusetts",2011,62561.3820972223,6612270,"Northeast",485.065799320522,"Assaults"
"248","MA","Massachusetts",2011,62561.3820972223,6612270,"Northeast",306.425110121524,"Robberies"
"249","MA","Massachusetts",2012,64944.0137359298,6655829,"Northeast",9.03832248734635,"Homicides"
"250","MA","Massachusetts",2012,64944.0137359298,6655829,"Northeast",39.4831982341972,"Rapes"
"251","MA","Massachusetts",2012,64944.0137359298,6655829,"Northeast",483.62953660362,"Assaults"
"252","MA","Massachusetts",2012,64944.0137359298,6655829,"Northeast",302.863086856693,"Robberies"
"253","MA","Massachusetts",2013,65382.1714344315,6708874,"Northeast",6.05779132928134,"Homicides"
"254","MA","Massachusetts",2013,65382.1714344315,6708874,"Northeast",43.3365072017819,"Rapes"
"255","MA","Massachusetts",2013,65382.1714344315,6708874,"Northeast",442.840078968746,"Assaults"
"256","MA","Massachusetts",2013,65382.1714344315,6708874,"Northeast",290.152671874296,"Robberies"
"257","MA","Massachusetts",2014,67642.0166133761,6745408,"Northeast",8.09886111675654,"Homicides"
"258","MA","Massachusetts",2014,67642.0166133761,6745408,"Northeast",42.7864360885251,"Rapes"
"259","MA","Massachusetts",2014,67642.0166133761,6745408,"Northeast",418.084604065017,"Assaults"
"260","MA","Massachusetts",2014,67642.0166133761,6745408,"Northeast",256.718616531151,"Robberies"
"261","MI","Michigan",2010,39200.8381918368,9876498,"Midwest",43.430931509421,"Homicides"
"262","MI","Michigan",2010,39200.8381918368,9876498,"Midwest",56.4602109622473,"Rapes"
"263","MI","Michigan",2010,39200.8381918368,9876498,"Midwest",1502.00973133065,"Assaults"
"264","MI","Michigan",2010,39200.8381918368,9876498,"Midwest",776.01267622801,"Robberies"
"265","MI","Michigan",2011,40640.9962761256,9875736,"Midwest",48.2306772344193,"Homicides"
"266","MI","Michigan",2011,40640.9962761256,9875736,"Midwest",59.7275247147169,"Rapes"
"267","MI","Michigan",2011,40640.9962761256,9875736,"Midwest",1333.07348588622,"Assaults"
"268","MI","Michigan",2011,40640.9962761256,9875736,"Midwest",697.662354414158,"Robberies"
"269","MI","Michigan",2012,42219.2712210822,9884781,"Midwest",54.5894758278932,"Homicides"
"270","MI","Michigan",2012,42219.2712210822,9884781,"Midwest",62.509192528313,"Rapes"
"271","MI","Michigan",2012,42219.2712210822,9884781,"Midwest",1321.60272438254,"Assaults"
"272","MI","Michigan",2012,42219.2712210822,9884781,"Midwest",685.904035661353,"Robberies"
"273","MI","Michigan",2013,43554.5659697684,9898193,"Midwest",45.1500166454966,"Homicides"
"274","MI","Michigan",2013,43554.5659697684,9898193,"Midwest",87.585317100283,"Rapes"
"275","MI","Michigan",2013,43554.5659697684,9898193,"Midwest",1257.48511549689,"Assaults"
"276","MI","Michigan",2013,43554.5659697684,9898193,"Midwest",681.679523467293,"Robberies"
"277","MI","Michigan",2014,45128.8396415011,9909877,"Midwest",43.5230920674053,"Homicides"
"278","MI","Michigan",2014,45128.8396415011,9909877,"Midwest",81.3502089984723,"Rapes"
"279","MI","Michigan",2014,45128.8396415011,9909877,"Midwest",1342.78962573062,"Assaults"
"280","MI","Michigan",2014,45128.8396415011,9909877,"Midwest",521.838952875299,"Robberies"
"281","MN","Minnesota",2010,51122.3410285217,5310418,"Midwest",9.67123044189682,"Homicides"
"282","MN","Minnesota",2010,51122.3410285217,5310418,"Midwest",114.486457663535,"Rapes"
"283","MN","Minnesota",2010,51122.3410285217,5310418,"Midwest",520.939520829739,"Assaults"
"284","MN","Minnesota",2010,51122.3410285217,5310418,"Midwest",417.169832034252,"Robberies"
"285","MN","Minnesota",2011,53195.3692907078,5348036,"Midwest",8.30024044759047,"Homicides"
"286","MN","Minnesota",2011,53195.3692907078,5348036,"Midwest",100.12165039906,"Rapes"
"287","MN","Minnesota",2011,53195.3692907078,5348036,"Midwest",444.841011488052,"Assaults"
"288","MN","Minnesota",2011,53195.3692907078,5348036,"Midwest",412.158814725664,"Robberies"
"289","MN","Minnesota",2012,54776.0339663775,5380615,"Midwest",9.99384993849939,"Homicides"
"290","MN","Minnesota",2012,54776.0339663775,5380615,"Midwest",103.269782697827,"Rapes"
"291","MN","Minnesota",2012,54776.0339663775,5380615,"Midwest",438.448134481345,"Assaults"
"292","MN","Minnesota",2012,54776.0339663775,5380615,"Midwest",440.49815498155,"Robberies"
"293","MN","Minnesota",2013,56660.3375838703,5422060,"Midwest",9.08618244044765,"Homicides"
"294","MN","Minnesota",2013,56660.3375838703,5422060,"Midwest",97.171673321454,"Rapes"
"295","MN","Minnesota",2013,56660.3375838703,5422060,"Midwest",444.465757711897,"Assaults"
"296","MN","Minnesota",2013,56660.3375838703,5422060,"Midwest",468.443183596412,"Robberies"
"297","MN","Minnesota",2014,58708.2817422134,5457173,"Midwest",7.66452142480981,"Homicides"
"298","MN","Minnesota",2014,58708.2817422134,5457173,"Midwest",96.1773817500328,"Rapes"
"299","MN","Minnesota",2014,58708.2817422134,5457173,"Midwest",445.531213145396,"Assaults"
"300","MN","Minnesota",2014,58708.2817422134,5457173,"Midwest",462.590954381263,"Robberies"
"301","MO","Missouri",2010,42633.0263830483,5996085,"Midwest",31.5756641478871,"Homicides"
"302","MO","Missouri",2010,42633.0263830483,5996085,"Midwest",55.0648777213152,"Rapes"
"303","MO","Missouri",2010,42633.0263830483,5996085,"Midwest",946.884855361638,"Assaults"
"304","MO","Missouri",2010,42633.0263830483,5996085,"Midwest",487.240736200729,"Robberies"
"305","MO","Missouri",2011,42757.5274384482,6010544,"Midwest",28.2640501744442,"Homicides"
"306","MO","Missouri",2011,42757.5274384482,6010544,"Midwest",58.8301496843635,"Rapes"
"307","MO","Missouri",2011,42757.5274384482,6010544,"Midwest",898.566590613778,"Assaults"
"308","MO","Missouri",2011,42757.5274384482,6010544,"Midwest",485.732409785244,"Robberies"
"309","MO","Missouri",2012,44010.9349256906,6025281,"Midwest",27.8508827963308,"Homicides"
"310","MO","Missouri",2012,44010.9349256906,6025281,"Midwest",58.2568924547104,"Rapes"
"311","MO","Missouri",2012,44010.9349256906,6025281,"Midwest",951.784756113141,"Assaults"
"312","MO","Missouri",2012,44010.9349256906,6025281,"Midwest",437.693231468942,"Robberies"
"313","MO","Missouri",2013,45416.7526204247,6044917,"Midwest",27.9309302530236,"Homicides"
"314","MO","Missouri",2013,45416.7526204247,6044917,"Midwest",92.4654083718818,"Rapes"
"315","MO","Missouri",2013,45416.7526204247,6044917,"Midwest",878.230071791418,"Assaults"
"316","MO","Missouri",2013,45416.7526204247,6044917,"Midwest",398.302717717775,"Robberies"
"317","MO","Missouri",2014,46718.2472294874,6063589,"Midwest",30.2417689655917,"Homicides"
"318","MO","Missouri",2014,46718.2472294874,6063589,"Midwest",87.8027830051424,"Rapes"
"319","MO","Missouri",2014,46718.2472294874,6063589,"Midwest",905.092942613067,"Assaults"
"320","MO","Missouri",2014,46718.2472294874,6063589,"Midwest",405.08722463154,"Robberies"
"321","NE","Nebraska",2010,50002.7324420107,1829865,"Midwest",8.3138121763115,"Homicides"
"322","NE","Nebraska",2010,50002.7324420107,1829865,"Midwest",50.1273969454076,"Rapes"
"323","NE","Nebraska",2010,50002.7324420107,1829865,"Midwest",320.815340450609,"Assaults"
"324","NE","Nebraska",2010,50002.7324420107,1829865,"Midwest",176.790770690389,"Robberies"
"325","NE","Nebraska",2011,53766.4365834488,1842232,"Midwest",10.4215138824259,"Homicides"
"326","NE","Nebraska",2011,53766.4365834488,1842232,"Midwest",53.3193733519466,"Rapes"
"327","NE","Nebraska",2011,53766.4365834488,1842232,"Midwest",327.187063750582,"Assaults"
"328","NE","Nebraska",2011,53766.4365834488,1842232,"Midwest",168.683108422522,"Robberies"
"329","NE","Nebraska",2012,55059.938442037,1855487,"Midwest",9.809316458119,"Homicides"
"330","NE","Nebraska",2012,55059.938442037,1855487,"Midwest",44.7400531138598,"Rapes"
"331","NE","Nebraska",2012,55059.938442037,1855487,"Midwest",345.000837380673,"Assaults"
"332","NE","Nebraska",2012,55059.938442037,1855487,"Midwest",194.990071057731,"Robberies"
"333","NE","Nebraska",2013,57351.1385154061,1868969,"Midwest",9.88058605990458,"Homicides"
"334","NE","Nebraska",2013,57351.1385154061,1868969,"Midwest",43.2863770243439,"Rapes"
"335","NE","Nebraska",2013,57351.1385154061,1868969,"Midwest",354.054333813248,"Assaults"
"336","NE","Nebraska",2013,57351.1385154061,1868969,"Midwest",168.910971214559,"Robberies"
"337","NE","Nebraska",2014,58816.4090091804,1881503,"Midwest",7.29818799676143,"Homicides"
"338","NE","Nebraska",2014,58816.4090091804,1881503,"Midwest",41.052307481783,"Rapes"
"339","NE","Nebraska",2014,58816.4090091804,1881503,"Midwest",347.348134970864,"Assaults"
"340","NE","Nebraska",2014,58816.4090091804,1881503,"Midwest",164.893435051829,"Robberies"
"341","NV","Nevada",2010,44302.3155599071,2703493,"West",7.3982907873994,"Homicides"
"342","NV","Nevada",2010,44302.3155599071,2703493,"West",45.0811737699477,"Rapes"
"343","NV","Nevada",2010,44302.3155599071,2703493,"West",545.260945321791,"Assaults"
"344","NV","Nevada",2010,44302.3155599071,2703493,"West",276.779046934204,"Robberies"
"345","NV","Nevada",2011,45150.0338779056,2718586,"West",5.62231483043236,"Homicides"
"346","NV","Nevada",2011,45150.0338779056,2718586,"West",44.6356945684325,"Rapes"
"347","NV","Nevada",2011,45150.0338779056,2718586,"West",451.636436439731,"Assaults"
"348","NV","Nevada",2011,45150.0338779056,2718586,"West",239.496898813417,"Robberies"
"349","NV","Nevada",2012,45442.2383490397,2755245,"West",5.13724209861747,"Homicides"
"350","NV","Nevada",2012,45442.2383490397,2755245,"West",40.2867932996844,"Rapes"
"351","NV","Nevada",2012,45442.2383490397,2755245,"West",480.061755057649,"Assaults"
"352","NV","Nevada",2012,45442.2383490397,2755245,"West",258.484391909384,"Robberies"
"353","NV","Nevada",2013,45472.2453281289,2791494,"West",6.46470570593587,"Homicides"
"354","NV","Nevada",2013,45472.2453281289,2791494,"West",46.9857476565442,"Rapes"
"355","NV","Nevada",2013,45472.2453281289,2791494,"West",433.20192874828,"Assaults"
"356","NV","Nevada",2013,45472.2453281289,2791494,"West",271.384346748153,"Robberies"
"357","NV","Nevada",2014,47216.4760721623,2839099,"West",7.96917366854378,"Homicides"
"358","NV","Nevada",2014,47216.4760721623,2839099,"West",50.9504546021651,"Rapes"
"359","NV","Nevada",2014,47216.4760721623,2839099,"West",463.061247018908,"Assaults"
"360","NV","Nevada",2014,47216.4760721623,2839099,"West",319.09355221997,"Robberies"
"361","NJ","New Jersey",2010,55998.8095751955,8803580,"Northeast",32.4745615934185,"Homicides"
"362","NJ","New Jersey",2010,55998.8095751955,8803580,"Northeast",28.5054485097785,"Rapes"
"363","NJ","New Jersey",2010,55998.8095751955,8803580,"Northeast",401.241249909793,"Assaults"
"364","NJ","New Jersey",2010,55998.8095751955,8803580,"Northeast",578.768853287147,"Robberies"
"365","NJ","New Jersey",2011,56269.6731984456,8842614,"Northeast",33.8051671557627,"Homicides"
"366","NJ","New Jersey",2011,56269.6731984456,8842614,"Northeast",20.8585073939812,"Rapes"
"367","NJ","New Jersey",2011,56269.6731984456,8842614,"Northeast",400.627193739571,"Assaults"
"368","NJ","New Jersey",2011,56269.6731984456,8842614,"Northeast",710.987398584499,"Robberies"
"369","NJ","New Jersey",2012,58407.2217214962,8876000,"Northeast",34.4201989200663,"Homicides"
"370","NJ","New Jersey",2012,58407.2217214962,8876000,"Northeast",19.719905631288,"Rapes"
"371","NJ","New Jersey",2012,58407.2217214962,8876000,"Northeast",391.888306454504,"Assaults"
"372","NJ","New Jersey",2012,58407.2217214962,8876000,"Northeast",708.482427771364,"Robberies"
"373","NJ","New Jersey",2013,59483.9399688178,8911502,"Northeast",40.2521509743177,"Homicides"
"374","NJ","New Jersey",2013,59483.9399688178,8911502,"Northeast",16.1727392307526,"Rapes"
"375","NJ","New Jersey",2013,59483.9399688178,8911502,"Northeast",332.799033948377,"Assaults"
"376","NJ","New Jersey",2013,59483.9399688178,8911502,"Northeast",874.406101076026,"Robberies"
"377","NJ","New Jersey",2014,61016.2868818299,8938175,"Northeast",33.6784780194189,"Homicides"
"378","NJ","New Jersey",2014,61016.2868818299,8938175,"Northeast",17.5558023718247,"Rapes"
"379","NJ","New Jersey",2014,61016.2868818299,8938175,"Northeast",338.217906918419,"Assaults"
"380","NJ","New Jersey",2014,61016.2868818299,8938175,"Northeast",688.617390992799,"Robberies"
"381","NM","New Mexico",2010,41741.8097290491,2064950,"West",7.69439335204414,"Homicides"
"382","NM","New Mexico",2010,41741.8097290491,2064950,"West",61.9215464997838,"Rapes"
"383","NM","New Mexico",2010,41741.8097290491,2064950,"West",544.286729736266,"Assaults"
"384","NM","New Mexico",2010,41741.8097290491,2064950,"West",172.207851212417,"Robberies"
"385","NM","New Mexico",2011,43082.6349218416,2078407,"West",6.88454437904127,"Homicides"
"386","NM","New Mexico",2011,43082.6349218416,2078407,"West",47.8294662122867,"Rapes"
"387","NM","New Mexico",2011,43082.6349218416,2078407,"West",527.211161658161,"Assaults"
"388","NM","New Mexico",2011,43082.6349218416,2078407,"West",180.809876060084,"Robberies"
"389","NM","New Mexico",2012,43430.6392515761,2084594,"West",7.40494578134821,"Homicides"
"390","NM","New Mexico",2012,43430.6392515761,2084594,"West",50.2091445662147,"Rapes"
"391","NM","New Mexico",2012,43430.6392515761,2084594,"West",494.86710831449,"Assaults"
"392","NM","New Mexico",2012,43430.6392515761,2084594,"West",197.22440959103,"Robberies"
"393","NM","New Mexico",2013,43770.5299020794,2086895,"West",6.62886422473641,"Homicides"
"394","NM","New Mexico",2013,43770.5299020794,2086895,"West",78.6505782340347,"Rapes"
"395","NM","New Mexico",2013,43770.5299020794,2086895,"West",502.181254646923,"Assaults"
"396","NM","New Mexico",2013,43770.5299020794,2086895,"West",187.399783218224,"Robberies"
"397","NM","New Mexico",2014,45451.0800873813,2085572,"West",5.36793624323193,"Homicides"
"398","NM","New Mexico",2014,45451.0800873813,2085572,"West",71.9303456593078,"Rapes"
"399","NM","New Mexico",2014,45451.0800873813,2085572,"West",558.444300504228,"Assaults"
"400","NM","New Mexico",2014,45451.0800873813,2085572,"West",247.103998396776,"Robberies"
"401","NY","New York",2010,62269.3434267654,19400867,"Northeast",6.06312508069918,"Homicides"
"402","NY","New York",2010,62269.3434267654,19400867,"Northeast",12.1817055737218,"Rapes"
"403","NY","New York",2010,62269.3434267654,19400867,"Northeast",287.268278404285,"Assaults"
"404","NY","New York",2010,62269.3434267654,19400867,"Northeast",208.51235033624,"Robberies"
"405","NY","New York",2011,63105.8212265348,19521745,"Northeast",5.4287662595,"Homicides"
"406","NY","New York",2011,63105.8212265348,19521745,"Northeast",11.9524870696449,"Rapes"
"407","NY","New York",2011,63105.8212265348,19521745,"Northeast",305.464715733696,"Assaults"
"408","NY","New York",2011,63105.8212265348,19521745,"Northeast",208.805072418362,"Robberies"
"409","NY","New York",2012,66292.8657621662,19607140,"Northeast",4.58255607127061,"Homicides"
"410","NY","New York",2012,66292.8657621662,19607140,"Northeast",12.7617796566461,"Rapes"
"411","NY","New York",2012,66292.8657621662,19607140,"Northeast",318.825405070114,"Assaults"
"412","NY","New York",2012,66292.8657621662,19607140,"Northeast",209.893848101046,"Robberies"
"413","NY","New York",2013,67784.5852491511,19695680,"Northeast",3.80850200579598,"Homicides"
"414","NY","New York",2013,67784.5852491511,19695680,"Northeast",11.9592390775826,"Rapes"
"415","NY","New York",2013,67784.5852491511,19695680,"Northeast",317.209317893672,"Assaults"
"416","NY","New York",2013,67784.5852491511,19695680,"Northeast",197.372676395384,"Robberies"
"417","NY","New York",2014,70179.2929859461,19746227,"Northeast",3.84374114558753,"Homicides"
"418","NY","New York",2014,70179.2929859461,19746227,"Northeast",23.1432732060259,"Rapes"
"419","NY","New York",2014,70179.2929859461,19746227,"Northeast",311.289148570923,"Assaults"
"420","NY","New York",2014,70179.2929859461,19746227,"Northeast",170.408851022251,"Robberies"
"421","NC","North Carolina",2010,43660.8634269953,9559488,"South",6.33749439131746,"Homicides"
"422","NC","North Carolina",2010,43660.8634269953,9559488,"South",28.5609747235374,"Rapes"
"423","NC","North Carolina",2010,43660.8634269953,9559488,"South",319.4097173224,"Assaults"
"424","NC","North Carolina",2010,43660.8634269953,9559488,"South",206.010817680426,"Robberies"
"425","NC","North Carolina",2011,44421.1429474915,9651502,"South",6.09098767451097,"Homicides"
"426","NC","North Carolina",2011,44421.1429474915,9651502,"South",28.7861746261135,"Rapes"
"427","NC","North Carolina",2011,44421.1429474915,9651502,"South",317.148550011181,"Assaults"
"428","NC","North Carolina",2011,44421.1429474915,9651502,"South",191.24032534218,"Robberies"
"429","NC","North Carolina",2012,45068.1516890177,9748181,"South",5.6138729377153,"Homicides"
"430","NC","North Carolina",2012,45068.1516890177,9748181,"South",27.3371203923528,"Rapes"
"431","NC","North Carolina",2012,45068.1516890177,9748181,"South",337.6459810365,"Assaults"
"432","NC","North Carolina",2012,45068.1516890177,9748181,"South",200.390855733229,"Robberies"
"433","NC","North Carolina",2013,46142.1291295276,9848917,"South",5.60542099474906,"Homicides"
"434","NC","North Carolina",2013,46142.1291295276,9848917,"South",24.3954237658797,"Rapes"
"435","NC","North Carolina",2013,46142.1291295276,9848917,"South",314.693071620701,"Assaults"
"436","NC","North Carolina",2013,46142.1291295276,9848917,"South",190.268515455567,"Robberies"
"437","NC","North Carolina",2014,47702.8325927165,9943964,"South",4.86381698460332,"Homicides"
"438","NC","North Carolina",2014,47702.8325927165,9943964,"South",22.5434057064154,"Rapes"
"439","NC","North Carolina",2014,47702.8325927165,9943964,"South",321.475141649019,"Assaults"
"440","NC","North Carolina",2014,47702.8325927165,9943964,"South",174.865801113119,"Robberies"
"441","OH","Ohio",2010,42871.1654262063,11540070,"Midwest",16.4776798346289,"Homicides"
"442","OH","Ohio",2010,42871.1654262063,11540070,"Midwest",77.931321840827,"Rapes"
"443","OH","Ohio",2010,42871.1654262063,11540070,"Midwest",307.335741505722,"Assaults"
"444","OH","Ohio",2010,42871.1654262063,11540070,"Midwest",585.295291502987,"Robberies"
"445","OH","Ohio",2011,45204.0696915492,11544757,"Midwest",14.9810206663855,"Homicides"
"446","OH","Ohio",2011,45204.0696915492,11544757,"Midwest",76.9295655841417,"Rapes"
"447","OH","Ohio",2011,45204.0696915492,11544757,"Midwest",282.749894559258,"Assaults"
"448","OH","Ohio",2011,45204.0696915492,11544757,"Midwest",552.205820328975,"Robberies"
"449","OH","Ohio",2012,47143.6600486836,11550901,"Midwest",13.6482607880089,"Homicides"
"450","OH","Ohio",2012,47143.6600486836,11550901,"Midwest",78.1245272692923,"Rapes"
"451","OH","Ohio",2012,47143.6600486836,11550901,"Midwest",255.551917513408,"Assaults"
"452","OH","Ohio",2012,47143.6600486836,11550901,"Midwest",538.803753473415,"Robberies"
"453","OH","Ohio",2013,48303.5567302296,11572005,"Midwest",13.7147178895845,"Homicides"
"454","OH","Ohio",2013,48303.5567302296,11572005,"Midwest",89.6117003853436,"Rapes"
"455","OH","Ohio",2013,48303.5567302296,11572005,"Midwest",263.841878623415,"Assaults"
"456","OH","Ohio",2013,48303.5567302296,11572005,"Midwest",504.049170592449,"Robberies"
"457","OH","Ohio",2014,50786.5682067778,11594163,"Midwest",13.7100340971185,"Homicides"
"458","OH","Ohio",2014,50786.5682067778,11594163,"Midwest",100.847846964381,"Rapes"
"459","OH","Ohio",2014,50786.5682067778,11594163,"Midwest",287.64706153762,"Assaults"
"460","OH","Ohio",2014,50786.5682067778,11594163,"Midwest",425.933847767209,"Robberies"
"461","OK","Oklahoma",2010,40249.5716828998,3759481,"South",11.1121971797655,"Homicides"
"462","OK","Oklahoma",2010,40249.5716828998,3759481,"South",60.9113030594554,"Rapes"
"463","OK","Oklahoma",2010,40249.5716828998,3759481,"South",660.043934335146,"Assaults"
"464","OK","Oklahoma",2010,40249.5716828998,3759481,"South",256.506551566254,"Robberies"
"465","OK","Oklahoma",2011,43648.8370477749,3786527,"South",10.8927028053291,"Homicides"
"466","OK","Oklahoma",2011,43648.8370477749,3786527,"South",55.2779217130251,"Rapes"
"467","OK","Oklahoma",2011,43648.8370477749,3786527,"South",620.578657021365,"Assaults"
"468","OK","Oklahoma",2011,43648.8370477749,3786527,"South",236.381830971721,"Robberies"
"469","OK","Oklahoma",2012,45561.6483790269,3817059,"South",12.770095051739,"Homicides"
"470","OK","Oklahoma",2012,45561.6483790269,3817059,"South",70.8891103265826,"Rapes"
"471","OK","Oklahoma",2012,45561.6483790269,3817059,"South",635.488194700712,"Assaults"
"472","OK","Oklahoma",2012,45561.6483790269,3817059,"South",228.353431988183,"Robberies"
"473","OK","Oklahoma",2013,47350.5483091875,3853118,"South",12.2057122733439,"Homicides"
"474","OK","Oklahoma",2013,47350.5483091875,3853118,"South",82.3385344341152,"Rapes"
"475","OK","Oklahoma",2013,47350.5483091875,3853118,"South",569.766650792571,"Assaults"
"476","OK","Oklahoma",2013,47350.5483091875,3853118,"South",218.602305879151,"Robberies"
"477","OK","Oklahoma",2014,49037.6480350568,3878051,"South",8.94321647202886,"Homicides"
"478","OK","Oklahoma",2014,49037.6480350568,3878051,"South",73.4129967539073,"Rapes"
"479","OK","Oklahoma",2014,49037.6480350568,3878051,"South",502.687387411293,"Assaults"
"480","OK","Oklahoma",2014,49037.6480350568,3878051,"South",201.074954964517,"Robberies"
"481","OR","Oregon",2010,49879.8175593283,3837083,"West",3.76856876610207,"Homicides"
"482","OR","Oregon",2010,49879.8175593283,3837083,"West",39.3986734637943,"Rapes"
"483","OR","Oregon",2010,49879.8175593283,3837083,"West",307.309653017596,"Assaults"
"484","OR","Oregon",2010,49879.8175593283,3837083,"West",172.155073178753,"Robberies"
"485","OR","Oregon",2011,51780.2310657341,3867644,"West",3.38988221854232,"Homicides"
"486","OR","Oregon",2011,51780.2310657341,3867644,"West",43.7294806191959,"Rapes"
"487","OR","Oregon",2011,51780.2310657341,3867644,"West",312.208152327747,"Assaults"
"488","OR","Oregon",2011,51780.2310657341,3867644,"West",155.426099720165,"Robberies"
"489","OR","Oregon",2012,50525.3182868886,3898684,"West",3.34427468534556,"Homicides"
"490","OR","Oregon",2012,50525.3182868886,3898684,"West",38.6263726157412,"Rapes"
"491","OR","Oregon",2012,50525.3182868886,3898684,"West",316.36838523369,"Assaults"
"492","OR","Oregon",2012,50525.3182868886,3898684,"West",158.853047553914,"Robberies"
"493","OR","Oregon",2013,50338.4233674162,3928068,"West",2.29833731711802,"Homicides"
"494","OR","Oregon",2013,50338.4233674162,3928068,"West",38.4150665861154,"Rapes"
"495","OR","Oregon",2013,50338.4233674162,3928068,"West",291.560505371543,"Assaults"
"496","OR","Oregon",2013,50338.4233674162,3928068,"West",150.54109427123,"Robberies"
"497","OR","Oregon",2014,51213.0378045251,3970239,"West",4.22302784599592,"Homicides"
"498","OR","Oregon",2014,51213.0378045251,3970239,"West",42.555126755805,"Rapes"
"499","OR","Oregon",2014,51213.0378045251,3970239,"West",288.465286711106,"Assaults"
"500","OR","Oregon",2014,51213.0378045251,3970239,"West",137.573253290713,"Robberies"
"501","PA","Pennsylvania",2010,46280.5590745772,12711077,"Northeast",19.6876588374137,"Homicides"
"502","PA","Pennsylvania",2010,46280.5590745772,12711077,"Northeast",55.1363520349731,"Rapes"
"503","PA","Pennsylvania",2010,46280.5590745772,12711077,"Northeast",568.269820182413,"Assaults"
"504","PA","Pennsylvania",2010,46280.5590745772,12711077,"Northeast",520.986717101977,"Robberies"
"505","PA","Pennsylvania",2011,47661.9184172624,12743995,"Northeast",20.0056320203188,"Homicides"
"506","PA","Pennsylvania",2011,47661.9184172624,12743995,"Northeast",48.926817440997,"Rapes"
"507","PA","Pennsylvania",2011,47661.9184172624,12743995,"Northeast",549.285070470926,"Assaults"
"508","PA","Pennsylvania",2011,47661.9184172624,12743995,"Northeast",509.491258952249,"Robberies"
"509","PA","Pennsylvania",2012,49045.6844976951,12770043,"Northeast",20.0964955925468,"Homicides"
"510","PA","Pennsylvania",2012,49045.6844976951,12770043,"Northeast",50.0791704685239,"Rapes"
"511","PA","Pennsylvania",2012,49045.6844976951,12770043,"Northeast",528.505420381412,"Assaults"
"512","PA","Pennsylvania",2012,49045.6844976951,12770043,"Northeast",492.580233367854,"Robberies"
"513","PA","Pennsylvania",2013,50494.2925975582,12781296,"Northeast",15.6923019048412,"Homicides"
"514","PA","Pennsylvania",2013,50494.2925975582,12781296,"Northeast",72.9262112495533,"Rapes"
"515","PA","Pennsylvania",2013,50494.2925975582,12781296,"Northeast",492.58780568416,"Assaults"
"516","PA","Pennsylvania",2013,50494.2925975582,12781296,"Northeast",457.7637932378,"Robberies"
"517","PA","Pennsylvania",2014,52584.8330155548,12787209,"Northeast",16.9820670443436,"Homicides"
"518","PA","Pennsylvania",2014,52584.8330155548,12787209,"Northeast",69.5354038598042,"Rapes"
"519","PA","Pennsylvania",2014,52584.8330155548,12787209,"Northeast",471.908607550859,"Assaults"
"520","PA","Pennsylvania",2014,52584.8330155548,12787209,"Northeast",426.212382980433,"Robberies"
"521","TN","Tennessee",2010,40012.2517787733,6356628,"South",11.5025345515369,"Homicides"
"522","TN","Tennessee",2010,40012.2517787733,6356628,"South",61.10721480504,"Rapes"
"523","TN","Tennessee",2010,40012.2517787733,6356628,"South",899.034905399641,"Assaults"
"524","TN","Tennessee",2010,40012.2517787733,6356628,"South",402.50883059163,"Robberies"
"525","TN","Tennessee",2011,41410.0330567585,6398389,"South",13.1962190856838,"Homicides"
"526","TN","Tennessee",2011,41410.0330567585,6398389,"South",62.6622858380073,"Rapes"
"527","TN","Tennessee",2011,41410.0330567585,6398389,"South",921.285738443036,"Assaults"
"528","TN","Tennessee",2011,41410.0330567585,6398389,"South",392.88384008395,"Robberies"
"529","TN","Tennessee",2012,43506.6304146269,6455177,"South",15.4108276318486,"Homicides"
"530","TN","Tennessee",2012,43506.6304146269,6455177,"South",57.1843400958444,"Rapes"
"531","TN","Tennessee",2012,43506.6304146269,6455177,"South",993.724585824229,"Assaults"
"532","TN","Tennessee",2012,43506.6304146269,6455177,"South",398.960512296589,"Robberies"
"533","TN","Tennessee",2013,44521.2057558337,6497269,"South",12.3708406914063,"Homicides"
"534","TN","Tennessee",2013,44521.2057558337,6497269,"South",71.2096517299074,"Rapes"
"535","TN","Tennessee",2013,44521.2057558337,6497269,"South",906.859940434402,"Assaults"
"536","TN","Tennessee",2013,44521.2057558337,6497269,"South",367.02737976316,"Robberies"
"537","TN","Tennessee",2014,45808.3868449886,6549352,"South",13.8951690105488,"Homicides"
"538","TN","Tennessee",2014,45808.3868449886,6549352,"South",77.5365784566536,"Rapes"
"539","TN","Tennessee",2014,45808.3868449886,6549352,"South",975.271972983492,"Assaults"
"540","TN","Tennessee",2014,45808.3868449886,6549352,"South",369.565434346862,"Robberies"
"541","TX","Texas",2010,49572.5274905046,25245717,"South",8.61825041428264,"Homicides"
"542","TX","Texas",2010,49572.5274905046,25245717,"South",35.8675405591181,"Rapes"
"543","TX","Texas",2010,49572.5274905046,25245717,"South",417.036858639357,"Assaults"
"544","TX","Texas",2010,49572.5274905046,25245717,"South",277.066989046873,"Robberies"
"545","TX","Texas",2011,52657.0967987226,25657477,"South",7.32068321095546,"Homicides"
"546","TX","Texas",2011,52657.0967987226,25657477,"South",35.633698689147,"Rapes"
"547","TX","Texas",2011,52657.0967987226,25657477,"South",390.809756340074,"Assaults"
"548","TX","Texas",2011,52657.0967987226,25657477,"South",236.037401589053,"Robberies"
"549","TX","Texas",2012,55215.5935854797,26094422,"South",7.73792648782088,"Homicides"
"550","TX","Texas",2012,55215.5935854797,26094422,"South",35.1224080963655,"Rapes"
"551","TX","Texas",2012,55215.5935854797,26094422,"South",373.257726058091,"Assaults"
"552","TX","Texas",2012,55215.5935854797,26094422,"South",249.477723488617,"Robberies"
"553","TX","Texas",2013,57616.3666619293,26505637,"South",7.05380755781006,"Homicides"
"554","TX","Texas",2013,57616.3666619293,26505637,"South",37.8412909210337,"Rapes"
"555","TX","Texas",2013,57616.3666619293,26505637,"South",362.80702294052,"Assaults"
"556","TX","Texas",2013,57616.3666619293,26505637,"South",256.217626404364,"Robberies"
"557","TX","Texas",2014,59427.2079957983,26956958,"South",7.53944494606307,"Homicides"
"558","TX","Texas",2014,59427.2079957983,26956958,"South",56.5718351814939,"Rapes"
"559","TX","Texas",2014,59427.2079957983,26956958,"South",352.20907036824,"Assaults"
"560","TX","Texas",2014,59427.2079957983,26956958,"South",243.6020660159,"Robberies"
"561","UT","Utah",2010,42906.3281941041,2774346,"West",4.29092469427162,"Homicides"
"562","UT","Utah",2010,42906.3281941041,2774346,"West",78.8457412572409,"Rapes"
"563","UT","Utah",2010,42906.3281941041,2774346,"West",418.365157691483,"Assaults"
"564","UT","Utah",2010,42906.3281941041,2774346,"West",192.555245655439,"Robberies"
"565","UT","Utah",2011,44576.2192912787,2815324,"West",3.68347383154948,"Homicides"
"566","UT","Utah",2011,44576.2192912787,2815324,"West",67.3549500626191,"Rapes"
"567","UT","Utah",2011,44576.2192912787,2815324,"West",396.236542165251,"Assaults"
"568","UT","Utah",2011,44576.2192912787,2815324,"West",179.96400719856,"Robberies"
"569","UT","Utah",2012,45185.1082623457,2855194,"West",4.15659990128075,"Homicides"
"570","UT","Utah",2012,45185.1082623457,2855194,"West",63.9077234821916,"Rapes"
"571","UT","Utah",2012,45185.1082623457,2855194,"West",443.71703946172,"Assaults"
"572","UT","Utah",2012,45185.1082623457,2855194,"West",164.70527108825,"Robberies"
"573","UT","Utah",2013,46480.2446752035,2902787,"West",3.67944661122967,"Homicides"
"574","UT","Utah",2013,46480.2446752035,2902787,"West",111.960304027417,"Rapes"
"575","UT","Utah",2013,46480.2446752035,2902787,"West",444.687404728615,"Assaults"
"576","UT","Utah",2013,46480.2446752035,2902787,"West",221.292431903956,"Robberies"
"577","UT","Utah",2014,47764.0777708534,2942902,"West",3.63885885386343,"Homicides"
"578","UT","Utah",2014,47764.0777708534,2942902,"West",115.923646344506,"Rapes"
"579","UT","Utah",2014,47764.0777708534,2942902,"West",401.833984862347,"Assaults"
"580","UT","Utah",2014,47764.0777708534,2942902,"West",233.406803626383,"Robberies"
"581","VA","Virginia",2010,52770.8296782606,8025376,"South",2.49874893718753,"Homicides"
"582","VA","Virginia",2010,52770.8296782606,8025376,"South",12.156075910642,"Rapes"
"583","VA","Virginia",2010,52770.8296782606,8025376,"South",52.2035926607016,"Assaults"
"584","VA","Virginia",2010,52770.8296782606,8025376,"South",54.8374091080074,"Robberies"
"585","VA","Virginia",2011,53261.5581784294,8110188,"South",1.73514945643106,"Homicides"
"586","VA","Virginia",2011,53261.5581784294,8110188,"South",11.0115253965818,"Rapes"
"587","VA","Virginia",2011,53261.5581784294,8110188,"South",45.0471493496526,"Assaults"
"588","VA","Virginia",2011,53261.5581784294,8110188,"South",55.7917286760142,"Robberies"
"589","VA","Virginia",2012,54254.1931808224,8193422,"South",2.43371257591374,"Homicides"
"590","VA","Virginia",2012,54254.1931808224,8193422,"South",11.3134746772206,"Rapes"
"591","VA","Virginia",2012,54254.1931808224,8193422,"South",48.0164913626225,"Assaults"
"592","VA","Virginia",2012,54254.1931808224,8193422,"South",44.0699304287083,"Robberies"
"593","VA","Virginia",2013,54638.2889710163,8270345,"South",1.88078666172041,"Homicides"
"594","VA","Virginia",2013,54638.2889710163,8270345,"South",20.6886532789246,"Rapes"
"595","VA","Virginia",2013,54638.2889710163,8270345,"South",44.1660591941932,"Assaults"
"596","VA","Virginia",2013,54638.2889710163,8270345,"South",46.3062647058061,"Robberies"
"597","VA","Virginia",2014,55516.0888602353,8326289,"South",1.73879219630062,"Homicides"
"598","VA","Virginia",2014,55516.0888602353,8326289,"South",17.6455208069026,"Rapes"
"599","VA","Virginia",2014,55516.0888602353,8326289,"South",44.1138020172565,"Assaults"
"600","VA","Virginia",2014,55516.0888602353,8326289,"South",41.8598121331631,"Robberies"
"601","WA","Washington",2010,53710.8098875823,6741911,"West",3.12161140866822,"Homicides"
"602","WA","Washington",2010,53710.8098875823,6741911,"West",15.7723523806394,"Rapes"
"603","WA","Washington",2010,53710.8098875823,6741911,"West",323.826109815003,"Assaults"
"604","WA","Washington",2010,53710.8098875823,6741911,"West",234.77803699931,"Robberies"
"605","WA","Washington",2011,54570.6007171973,6822112,"West",3.23515186611648,"Homicides"
"606","WA","Washington",2011,54570.6007171973,6822112,"West",16.1757593305824,"Rapes"
"607","WA","Washington",2011,54570.6007171973,6822112,"West",343.896643368181,"Assaults"
"608","WA","Washington",2011,54570.6007171973,6822112,"West",229.372267307658,"Robberies"
"609","WA","Washington",2012,56574.0811229169,6896325,"West",3.988099511059,"Homicides"
"610","WA","Washington",2012,56574.0811229169,6896325,"West",19.6214495944103,"Rapes"
"611","WA","Washington",2012,56574.0811229169,6896325,"West",350.633709012307,"Assaults"
"612","WA","Washington",2012,56574.0811229169,6896325,"West",229.076435915229,"Robberies"
"613","WA","Washington",2013,57757.9440134149,6973742,"West",2.80018792372288,"Homicides"
"614","WA","Washington",2013,57757.9440134149,6973742,"West",23.9571633474069,"Rapes"
"615","WA","Washington",2013,57757.9440134149,6973742,"West",308.954067584091,"Assaults"
"616","WA","Washington",2013,57757.9440134149,6973742,"West",249.216725211336,"Robberies"
"617","WA","Washington",2014,59868.9660739245,7061530,"West",3.9191450234395,"Homicides"
"618","WA","Washington",2014,59868.9660739245,7061530,"West",23.2133974465263,"Rapes"
"619","WA","Washington",2014,59868.9660739245,7061530,"West",340.362671651015,"Assaults"
"620","WA","Washington",2014,59868.9660739245,7061530,"West",236.203855835758,"Robberies"
"621","WI","Wisconsin",2010,44610.484160704,5689268,"Midwest",15.9708691346983,"Homicides"
"622","WI","Wisconsin",2010,44610.484160704,5689268,"Midwest",32.9504247410618,"Rapes"
"623","WI","Wisconsin",2010,44610.484160704,5689268,"Midwest",521.490905850886,"Assaults"
"624","WI","Wisconsin",2010,44610.484160704,5689268,"Midwest",494.760714351759,"Robberies"
"625","WI","Wisconsin",2011,46180.5357882632,5708785,"Midwest",14.3950882619772,"Homicides"
"626","WI","Wisconsin",2011,46180.5357882632,5708785,"Midwest",34.3138731826201,"Rapes"
"627","WI","Wisconsin",2011,46180.5357882632,5708785,"Midwest",544.837352241114,"Assaults"
"628","WI","Wisconsin",2011,46180.5357882632,5708785,"Midwest",517.386253695018,"Robberies"
"629","WI","Wisconsin",2012,47840.1935548783,5724888,"Midwest",15.5156449419832,"Homicides"
"630","WI","Wisconsin",2012,47840.1935548783,5724888,"Midwest",39.0393646927318,"Rapes"
"631","WI","Wisconsin",2012,47840.1935548783,5724888,"Midwest",752.09169245656,"Assaults"
"632","WI","Wisconsin",2012,47840.1935548783,5724888,"Midwest",516.687660057224,"Robberies"
"633","WI","Wisconsin",2013,49025.1705002635,5742953,"Midwest",17.310108937176,"Homicides"
"634","WI","Wisconsin",2013,49025.1705002635,5742953,"Midwest",66.7437854212265,"Rapes"
"635","WI","Wisconsin",2013,49025.1705002635,5742953,"Midwest",733.182979502501,"Assaults"
"636","WI","Wisconsin",2013,49025.1705002635,5742953,"Midwest",546.599978362364,"Robberies"
"637","WI","Wisconsin",2014,50948.8474639622,5757564,"Midwest",14.3244044545567,"Homicides"
"638","WI","Wisconsin",2014,50948.8474639622,5757564,"Midwest",65.9588856279586,"Rapes"
"639","WI","Wisconsin",2014,50948.8474639622,5757564,"Midwest",812.326982847359,"Assaults"
"640","WI","Wisconsin",2014,50948.8474639622,5757564,"Midwest",592.130905069174,"Robberies"
"641","DC","District of Columbia",2010,171915.120371441,605210,"South",21.9370042361685,"Homicides"
"642","DC","District of Columbia",2010,171915.120371441,605210,"South",30.5788543898106,"Rapes"
"643","DC","District of Columbia",2010,171915.120371441,605210,"South",538.121361490254,"Assaults"
"644","DC","District of Columbia",2010,171915.120371441,605210,"South",650.465413487601,"Robberies"
"645","DC","District of Columbia",2011,174120.404173255,620427,"South",17.475841267581,"Homicides"
"646","DC","District of Columbia",2011,174120.404173255,620427,"South",27.8318953520735,"Rapes"
"647","DC","District of Columbia",2011,174120.404173255,620427,"South",477.187554612004,"Assaults"
"648","DC","District of Columbia",2011,174120.404173255,620427,"South",607.770924083651,"Robberies"
"649","DC","District of Columbia",2012,172839.506172839,635040,"South",13.9169380206002,"Homicides"
"650","DC","District of Columbia",2012,172839.506172839,635040,"South",37.3226974188824,"Rapes"
"651","DC","District of Columbia",2012,172839.506172839,635040,"South",537.541731045684,"Assaults"
"652","DC","District of Columbia",2012,172839.506172839,635040,"South",589.097660531089,"Robberies"
"653","DC","District of Columbia",2013,172260.984638991,649111,"South",15.9331981331861,"Homicides"
"654","DC","District of Columbia",2013,172260.984638991,649111,"South",60.7936588965255,"Rapes"
"655","DC","District of Columbia",2013,172260.984638991,649111,"South",576.070192698883,"Assaults"
"656","DC","District of Columbia",2013,172260.984638991,649111,"South",566.169953082146,"Robberies"
"657","DC","District of Columbia",2014,176871.282590648,658893,"South",15.9358196247342,"Homicides"
"658","DC","District of Columbia",2014,176871.282590648,658893,"South",71.3317640345246,"Rapes"
"659","DC","District of Columbia",2014,176871.282590648,658893,"South",607.685921689865,"Assaults"
"660","DC","District of Columbia",2014,176871.282590648,658893,"South",490.367935309679,"Robberies"
